{"Audi": 51678.32857142857, "Avatr": 175100.0, "BMW": 59812.52395833333, "Bentley": 184025.0, "Bestune": 39900.0, "CFMOTO": 11350.0, "Changan": 30850.0, "Chery": 16425.0, "Chevrolet": 17884.545454545456, "DAF": 71980.0, "DFSK": 31500.0, "Dacia": 13950.0, "Daewoo": 6327.777777777777, "Dodge": 40483.333333333336, "Ducati": 30600.0, "Fiat": 34030.0, "Ford": 29180.7, "Foton": 14500.0, "GAZ": 20577.777777777777, "Geely": 51266.666666666664, "Haval": 49049.875, "Honda": 30310.5, "Hongqi": 48800.0, "Hyundai": 24773.49162011173, "Infiniti": 59940.0, "Iran Khodro": 5600.0, "Isuzu": 73500.0, "Iveco": 31250.0, "Jaguar": 28500.0, "Jeep": 56280.0, "KamAz": 19333.333333333332, "Khazar": 11610.0, "Kia": 29818.829268292684, "LADA (VAZ)": 7038.768115942029, "Land Rover": 131798.73018867924, "Lexus": 93104.16428571429, "MAN": 56650.0, "MAZ": 16750.0, "MG": 42650.0, "MV Agusta": 13000.0, "Mazda": 53565.0, "Mercedes": 38286.20876494024, "Mercedes-Maybach": 569500.0, "Mitsubishi": 18456.25, "Moto Guzzi": 34000.0, "Nissan": 18257.391304347828, "Opel": 9993.557142857142, "Porsche": 83588.83, "Ravon": 12700.0, "Renault": 14902.727272727272, "Saipa": 4700.0, "SamAuto": 98500.0, "Scania": 35500.0, "Shacman": 48000.0, "Skoda": 36450.0, "Ssang Yong": 11500.0, "Subaru": 16833.333333333332, "Suzuki": 12450.0, "Tesla": 81535.0, "Tofas": 5857.142857142857, "Toyota": 48859.80055248619, "Tufan": 1200.0, "UAZ": 3500.0, "Volkswagen": 37238.857142857145, "Volvo": 81554.6, "Wuling": 21500.0, "Zeekr": 118150.0, "Bajaj": 7500.0, "Chrysler": 13900.0, "FAW": 6000.0, "GAC": 18900.0, "HOWO": 52000.0, "Maserati": 122400.0, "Yamaha": 7399.0, "ZIL": 5600.0}