{"Avtobus": 52833.333333333336, "Dartq\u0131": 58252.94117647059, "Furqon": 23858.064516129034, "Het\u00e7bek": 13184.272727272728, "Kabriolet": 41990.0, "Kupe": 49520.833333333336, "Liftbek": 19894.607843137255, "Mikroavtobus": 28500.0, "Minivan": 33154.4, "Motosiklet": 14929.9, "Offroader / SUV": 61669.35478927203, "Pikap": 78807.5, "Sedan": 25712.807929515417, "Universal": 22614.534090909092, "Van": 18500.0, "Y\u00fck ma\u015f\u0131n\u0131": 25280.0}